start_ts,end_ts
1744447008,1930004861
1748907605,1750306912
1750632820,1972768496
1754519831,1975841033
1762467827,1814413290
1780413258,2025720420
1799205826,1811847768
1802257059,1843828931
1802851127,1917191000
1809518071,2015014197
1811235397,1829441789
1813374332,2033386163
1821578938,1912805801
1824187201,1952352421
1825269524,1916996569
1839674484,1939684676
1848584611,2032590379
1862908773,2005784306
1863774830,1916720351
1871925583,2012330523
1877266916,1922615956
1888019616,2011565563
1926855479,1941516615
1951054126,1979259146
1997751257,2004252056
